Nacional;Comunidades y Ciudades Autónomas;Sexo;Periodo;Total
Total;;Total;2021;47.385.107
Total;;Total;2020;47.450.795
Total;;Total;2019;47.026.208
Total;;Total;2018;46.722.980
Total;;Total;2017;46.572.132
Total;;Total;2016;46.557.008
Total;;Total;2015;46.624.382
Total;;Total;2014;46.771.341
Total;;Total;2013;47.129.783
Total;;Total;2012;47.265.321
Total;;Total;2011;47.190.493
Total;;Total;2010;47.021.031
Total;;Total;2009;46.745.807
Total;;Total;2008;46.157.822
Total;;Total;2007;45.200.737
Total;;Total;2006;44.708.964
Total;;Total;2005;44.108.530
Total;;Total;2004;43.197.684
Total;;Total;2003;42.717.064
Total;;Total;2002;41.837.894
Total;;Total;2001;41.116.842
Total;;Total;2000;40.499.791
Total;;Total;1999;40.202.160
Total;;Total;1998;39.852.651
Total;;Total;1997;""
Total;;Total;1996;39.669.394
Total;;Hombres;2021;23.222.953
Total;;Hombres;2020;23.255.590
Total;;Hombres;2019;23.042.428
Total;;Hombres;2018;22.896.602
Total;;Hombres;2017;22.832.861
Total;;Hombres;2016;22.843.610
Total;;Hombres;2015;22.890.383
Total;;Hombres;2014;22.985.676
Total;;Hombres;2013;23.196.386
Total;;Hombres;2012;23.298.356
Total;;Hombres;2011;23.283.187
Total;;Hombres;2010;23.226.185
Total;;Hombres;2009;23.116.988
Total;;Hombres;2008;22.847.737
Total;;Hombres;2007;22.339.962
Total;;Hombres;2006;22.100.466
Total;;Hombres;2005;21.780.869
Total;;Hombres;2004;21.285.247
Total;;Hombres;2003;21.034.326
Total;;Hombres;2002;20.564.089
Total;;Hombres;2001;20.165.514
Total;;Hombres;2000;19.821.384
Total;;Hombres;1999;19.670.642
Total;;Hombres;1998;19.488.465
Total;;Hombres;1997;""
Total;;Hombres;1996;19.399.549
Total;;Mujeres;2021;24.162.154
Total;;Mujeres;2020;24.195.205
Total;;Mujeres;2019;23.983.780
Total;;Mujeres;2018;23.826.378
Total;;Mujeres;2017;23.739.271
Total;;Mujeres;2016;23.713.398
Total;;Mujeres;2015;23.733.999
Total;;Mujeres;2014;23.785.665
Total;;Mujeres;2013;23.933.397
Total;;Mujeres;2012;23.966.965
Total;;Mujeres;2011;23.907.306
Total;;Mujeres;2010;23.794.846
Total;;Mujeres;2009;23.628.819
Total;;Mujeres;2008;23.310.085
Total;;Mujeres;2007;22.860.775
Total;;Mujeres;2006;22.608.498
Total;;Mujeres;2005;22.327.661
Total;;Mujeres;2004;21.912.437
Total;;Mujeres;2003;21.682.738
Total;;Mujeres;2002;21.273.805
Total;;Mujeres;2001;20.951.328
Total;;Mujeres;2000;20.678.407
Total;;Mujeres;1999;20.531.518
Total;;Mujeres;1998;20.364.186
Total;;Mujeres;1997;""
Total;;Mujeres;1996;20.269.845
Total;01 Andalucía;Total;2021;8.472.407
Total;01 Andalucía;Total;2020;8.464.411
Total;01 Andalucía;Total;2019;8.414.240
Total;01 Andalucía;Total;2018;8.384.408
Total;01 Andalucía;Total;2017;8.379.820
Total;01 Andalucía;Total;2016;8.388.107
Total;01 Andalucía;Total;2015;8.399.043
Total;01 Andalucía;Total;2014;8.402.305
Total;01 Andalucía;Total;2013;8.440.300
Total;01 Andalucía;Total;2012;8.449.985
Total;01 Andalucía;Total;2011;8.424.102
Total;01 Andalucía;Total;2010;8.370.975
Total;01 Andalucía;Total;2009;8.302.923
Total;01 Andalucía;Total;2008;8.202.220
Total;01 Andalucía;Total;2007;8.059.461
Total;01 Andalucía;Total;2006;7.975.672
Total;01 Andalucía;Total;2005;7.849.799
Total;01 Andalucía;Total;2004;7.687.518
Total;01 Andalucía;Total;2003;7.606.848
Total;01 Andalucía;Total;2002;7.478.432
Total;01 Andalucía;Total;2001;7.403.968
Total;01 Andalucía;Total;2000;7.340.052
Total;01 Andalucía;Total;1999;7.305.117
Total;01 Andalucía;Total;1998;7.236.459
Total;01 Andalucía;Total;1997;""
Total;01 Andalucía;Total;1996;7.234.873
Total;01 Andalucía;Hombres;2021;4.173.339
Total;01 Andalucía;Hombres;2020;4.170.605
Total;01 Andalucía;Hombres;2019;4.147.167
Total;01 Andalucía;Hombres;2018;4.133.898
Total;01 Andalucía;Hombres;2017;4.133.835
Total;01 Andalucía;Hombres;2016;4.139.194
Total;01 Andalucía;Hombres;2015;4.144.532
Total;01 Andalucía;Hombres;2014;4.148.701
Total;01 Andalucía;Hombres;2013;4.170.654
Total;01 Andalucía;Hombres;2012;4.180.285
Total;01 Andalucía;Hombres;2011;4.169.634
Total;01 Andalucía;Hombres;2010;4.144.856
Total;01 Andalucía;Hombres;2009;4.113.383
Total;01 Andalucía;Hombres;2008;4.071.500
Total;01 Andalucía;Hombres;2007;3.999.243
Total;01 Andalucía;Hombres;2006;3.958.565
Total;01 Andalucía;Hombres;2005;3.889.605
Total;01 Andalucía;Hombres;2004;3.800.208
Total;01 Andalucía;Hombres;2003;3.757.370
Total;01 Andalucía;Hombres;2002;3.687.421
Total;01 Andalucía;Hombres;2001;3.647.194
Total;01 Andalucía;Hombres;2000;3.609.412
Total;01 Andalucía;Hombres;1999;3.592.680
Total;01 Andalucía;Hombres;1998;3.558.950
Total;01 Andalucía;Hombres;1997;""
Total;01 Andalucía;Hombres;1996;3.559.436
Total;01 Andalucía;Mujeres;2021;4.299.068
Total;01 Andalucía;Mujeres;2020;4.293.806
Total;01 Andalucía;Mujeres;2019;4.267.073
Total;01 Andalucía;Mujeres;2018;4.250.510
Total;01 Andalucía;Mujeres;2017;4.245.985
Total;01 Andalucía;Mujeres;2016;4.248.913
Total;01 Andalucía;Mujeres;2015;4.254.511
Total;01 Andalucía;Mujeres;2014;4.253.604
Total;01 Andalucía;Mujeres;2013;4.269.646
Total;01 Andalucía;Mujeres;2012;4.269.700
Total;01 Andalucía;Mujeres;2011;4.254.468
Total;01 Andalucía;Mujeres;2010;4.226.119
Total;01 Andalucía;Mujeres;2009;4.189.540
Total;01 Andalucía;Mujeres;2008;4.130.720
Total;01 Andalucía;Mujeres;2007;4.060.218
Total;01 Andalucía;Mujeres;2006;4.017.107
Total;01 Andalucía;Mujeres;2005;3.960.194
Total;01 Andalucía;Mujeres;2004;3.887.310
Total;01 Andalucía;Mujeres;2003;3.849.478
Total;01 Andalucía;Mujeres;2002;3.791.011
Total;01 Andalucía;Mujeres;2001;3.756.774
Total;01 Andalucía;Mujeres;2000;3.730.640
Total;01 Andalucía;Mujeres;1999;3.712.437
Total;01 Andalucía;Mujeres;1998;3.677.509
Total;01 Andalucía;Mujeres;1997;""
Total;01 Andalucía;Mujeres;1996;3.675.437
Total;02 Aragón;Total;2021;1.326.261
Total;02 Aragón;Total;2020;1.329.391
Total;02 Aragón;Total;2019;1.319.291
Total;02 Aragón;Total;2018;1.308.728
Total;02 Aragón;Total;2017;1.308.750
Total;02 Aragón;Total;2016;1.308.563
Total;02 Aragón;Total;2015;1.317.847
Total;02 Aragón;Total;2014;1.325.385
Total;02 Aragón;Total;2013;1.347.150
Total;02 Aragón;Total;2012;1.349.467
Total;02 Aragón;Total;2011;1.346.293
Total;02 Aragón;Total;2010;1.347.095
Total;02 Aragón;Total;2009;1.345.473
Total;02 Aragón;Total;2008;1.326.918
Total;02 Aragón;Total;2007;1.296.655
Total;02 Aragón;Total;2006;1.277.471
Total;02 Aragón;Total;2005;1.269.027
Total;02 Aragón;Total;2004;1.249.584
Total;02 Aragón;Total;2003;1.230.090
Total;02 Aragón;Total;2002;1.217.514
Total;02 Aragón;Total;2001;1.199.753
Total;02 Aragón;Total;2000;1.189.909
Total;02 Aragón;Total;1999;1.186.849
Total;02 Aragón;Total;1998;1.183.234
Total;02 Aragón;Total;1997;""
Total;02 Aragón;Total;1996;1.187.546
Total;02 Aragón;Hombres;2021;655.248
Total;02 Aragón;Hombres;2020;656.056
Total;02 Aragón;Hombres;2019;650.694
Total;02 Aragón;Hombres;2018;645.498
Total;02 Aragón;Hombres;2017;645.895
Total;02 Aragón;Hombres;2016;647.206
Total;02 Aragón;Hombres;2015;652.687
Total;02 Aragón;Hombres;2014;656.964
Total;02 Aragón;Hombres;2013;669.987
Total;02 Aragón;Hombres;2012;671.898
Total;02 Aragón;Hombres;2011;671.286
Total;02 Aragón;Hombres;2010;673.177
Total;02 Aragón;Hombres;2009;673.819
Total;02 Aragón;Hombres;2008;664.403
Total;02 Aragón;Hombres;2007;646.996
Total;02 Aragón;Hombres;2006;636.659
Total;02 Aragón;Hombres;2005;632.148
Total;02 Aragón;Hombres;2004;620.874
Total;02 Aragón;Hombres;2003;610.210
Total;02 Aragón;Hombres;2002;603.149
Total;02 Aragón;Hombres;2001;592.682
Total;02 Aragón;Hombres;2000;586.122
Total;02 Aragón;Hombres;1999;584.361
Total;02 Aragón;Hombres;1998;582.366
Total;02 Aragón;Hombres;1997;""
Total;02 Aragón;Hombres;1996;584.535
Total;02 Aragón;Mujeres;2021;671.013
Total;02 Aragón;Mujeres;2020;673.335
Total;02 Aragón;Mujeres;2019;668.597
Total;02 Aragón;Mujeres;2018;663.230
Total;02 Aragón;Mujeres;2017;662.855
Total;02 Aragón;Mujeres;2016;661.357
Total;02 Aragón;Mujeres;2015;665.160
Total;02 Aragón;Mujeres;2014;668.421
Total;02 Aragón;Mujeres;2013;677.163
Total;02 Aragón;Mujeres;2012;677.569
Total;02 Aragón;Mujeres;2011;675.007
Total;02 Aragón;Mujeres;2010;673.918
Total;02 Aragón;Mujeres;2009;671.654
Total;02 Aragón;Mujeres;2008;662.515
Total;02 Aragón;Mujeres;2007;649.659
Total;02 Aragón;Mujeres;2006;640.812
Total;02 Aragón;Mujeres;2005;636.879
Total;02 Aragón;Mujeres;2004;628.710
Total;02 Aragón;Mujeres;2003;619.880
Total;02 Aragón;Mujeres;2002;614.365
Total;02 Aragón;Mujeres;2001;607.071
Total;02 Aragón;Mujeres;2000;603.787
Total;02 Aragón;Mujeres;1999;602.488
Total;02 Aragón;Mujeres;1998;600.868
Total;02 Aragón;Mujeres;1997;""
Total;02 Aragón;Mujeres;1996;603.011
Total;03 Asturias, Principado de;Total;2021;1.011.792
Total;03 Asturias, Principado de;Total;2020;1.018.784
Total;03 Asturias, Principado de;Total;2019;1.022.800
Total;03 Asturias, Principado de;Total;2018;1.028.244
Total;03 Asturias, Principado de;Total;2017;1.034.960
Total;03 Asturias, Principado de;Total;2016;1.042.608
Total;03 Asturias, Principado de;Total;2015;1.051.229
Total;03 Asturias, Principado de;Total;2014;1.061.756
Total;03 Asturias, Principado de;Total;2013;1.068.165
Total;03 Asturias, Principado de;Total;2012;1.077.360
Total;03 Asturias, Principado de;Total;2011;1.081.487
Total;03 Asturias, Principado de;Total;2010;1.084.341
Total;03 Asturias, Principado de;Total;2009;1.085.289
Total;03 Asturias, Principado de;Total;2008;1.080.138
Total;03 Asturias, Principado de;Total;2007;1.074.862
Total;03 Asturias, Principado de;Total;2006;1.076.896
Total;03 Asturias, Principado de;Total;2005;1.076.635
Total;03 Asturias, Principado de;Total;2004;1.073.761
Total;03 Asturias, Principado de;Total;2003;1.075.381
Total;03 Asturias, Principado de;Total;2002;1.073.971
Total;03 Asturias, Principado de;Total;2001;1.075.329
Total;03 Asturias, Principado de;Total;2000;1.076.567
Total;03 Asturias, Principado de;Total;1999;1.084.314
Total;03 Asturias, Principado de;Total;1998;1.081.834
Total;03 Asturias, Principado de;Total;1997;""
Total;03 Asturias, Principado de;Total;1996;1.087.885
Total;03 Asturias, Principado de;Hombres;2021;482.665
Total;03 Asturias, Principado de;Hombres;2020;486.066
Total;03 Asturias, Principado de;Hombres;2019;488.137
Total;03 Asturias, Principado de;Hombres;2018;490.738
Total;03 Asturias, Principado de;Hombres;2017;493.911
Total;03 Asturias, Principado de;Hombres;2016;497.852
Total;03 Asturias, Principado de;Hombres;2015;502.175
Total;03 Asturias, Principado de;Hombres;2014;507.927
Total;03 Asturias, Principado de;Hombres;2013;511.346
Total;03 Asturias, Principado de;Hombres;2012;516.420
Total;03 Asturias, Principado de;Hombres;2011;518.571
Total;03 Asturias, Principado de;Hombres;2010;520.402
Total;03 Asturias, Principado de;Hombres;2009;520.916
Total;03 Asturias, Principado de;Hombres;2008;518.291
Total;03 Asturias, Principado de;Hombres;2007;515.292
Total;03 Asturias, Principado de;Hombres;2006;516.347
Total;03 Asturias, Principado de;Hombres;2005;516.329
Total;03 Asturias, Principado de;Hombres;2004;515.047
Total;03 Asturias, Principado de;Hombres;2003;515.945
Total;03 Asturias, Principado de;Hombres;2002;515.166
Total;03 Asturias, Principado de;Hombres;2001;515.897
Total;03 Asturias, Principado de;Hombres;2000;516.398
Total;03 Asturias, Principado de;Hombres;1999;520.012
Total;03 Asturias, Principado de;Hombres;1998;519.530
Total;03 Asturias, Principado de;Hombres;1997;""
Total;03 Asturias, Principado de;Hombres;1996;522.981
Total;03 Asturias, Principado de;Mujeres;2021;529.127
Total;03 Asturias, Principado de;Mujeres;2020;532.718
Total;03 Asturias, Principado de;Mujeres;2019;534.663
Total;03 Asturias, Principado de;Mujeres;2018;537.506
Total;03 Asturias, Principado de;Mujeres;2017;541.049
Total;03 Asturias, Principado de;Mujeres;2016;544.756
Total;03 Asturias, Principado de;Mujeres;2015;549.054
Total;03 Asturias, Principado de;Mujeres;2014;553.829
Total;03 Asturias, Principado de;Mujeres;2013;556.819
Total;03 Asturias, Principado de;Mujeres;2012;560.940
Total;03 Asturias, Principado de;Mujeres;2011;562.916
Total;03 Asturias, Principado de;Mujeres;2010;563.939
Total;03 Asturias, Principado de;Mujeres;2009;564.373
Total;03 Asturias, Principado de;Mujeres;2008;561.847
Total;03 Asturias, Principado de;Mujeres;2007;559.570
Total;03 Asturias, Principado de;Mujeres;2006;560.549
Total;03 Asturias, Principado de;Mujeres;2005;560.306
Total;03 Asturias, Principado de;Mujeres;2004;558.714
Total;03 Asturias, Principado de;Mujeres;2003;559.436
Total;03 Asturias, Principado de;Mujeres;2002;558.805
Total;03 Asturias, Principado de;Mujeres;2001;559.432
Total;03 Asturias, Principado de;Mujeres;2000;560.169
Total;03 Asturias, Principado de;Mujeres;1999;564.302
Total;03 Asturias, Principado de;Mujeres;1998;562.304
Total;03 Asturias, Principado de;Mujeres;1997;""
Total;03 Asturias, Principado de;Mujeres;1996;564.904
Total;04 Balears, Illes;Total;2021;1.173.008
Total;04 Balears, Illes;Total;2020;1.171.543
Total;04 Balears, Illes;Total;2019;1.149.460
Total;04 Balears, Illes;Total;2018;1.128.908
Total;04 Balears, Illes;Total;2017;1.115.999
Total;04 Balears, Illes;Total;2016;1.107.220
Total;04 Balears, Illes;Total;2015;1.104.479
Total;04 Balears, Illes;Total;2014;1.103.442
Total;04 Balears, Illes;Total;2013;1.111.674
Total;04 Balears, Illes;Total;2012;1.119.439
Total;04 Balears, Illes;Total;2011;1.113.114
Total;04 Balears, Illes;Total;2010;1.106.049
Total;04 Balears, Illes;Total;2009;1.095.426
Total;04 Balears, Illes;Total;2008;1.072.844
Total;04 Balears, Illes;Total;2007;1.030.650
Total;04 Balears, Illes;Total;2006;1.001.062
Total;04 Balears, Illes;Total;2005;983.131
Total;04 Balears, Illes;Total;2004;955.045
Total;04 Balears, Illes;Total;2003;947.361
Total;04 Balears, Illes;Total;2002;916.968
Total;04 Balears, Illes;Total;2001;878.627
Total;04 Balears, Illes;Total;2000;845.630
Total;04 Balears, Illes;Total;1999;821.820
Total;04 Balears, Illes;Total;1998;796.483
Total;04 Balears, Illes;Total;1997;""
Total;04 Balears, Illes;Total;1996;760.379
Total;04 Balears, Illes;Hombres;2021;584.853
Total;04 Balears, Illes;Hombres;2020;584.298
Total;04 Balears, Illes;Hombres;2019;572.757
Total;04 Balears, Illes;Hombres;2018;561.803
Total;04 Balears, Illes;Hombres;2017;554.925
Total;04 Balears, Illes;Hombres;2016;550.682
Total;04 Balears, Illes;Hombres;2015;549.678
Total;04 Balears, Illes;Hombres;2014;549.801
Total;04 Balears, Illes;Hombres;2013;554.603
Total;04 Balears, Illes;Hombres;2012;560.091
Total;04 Balears, Illes;Hombres;2011;557.577
Total;04 Balears, Illes;Hombres;2010;555.204
Total;04 Balears, Illes;Hombres;2009;551.079
Total;04 Balears, Illes;Hombres;2008;540.395
Total;04 Balears, Illes;Hombres;2007;517.593
Total;04 Balears, Illes;Hombres;2006;501.899
Total;04 Balears, Illes;Hombres;2005;492.642
Total;04 Balears, Illes;Hombres;2004;478.046
Total;04 Balears, Illes;Hombres;2003;474.248
Total;04 Balears, Illes;Hombres;2002;458.349
Total;04 Balears, Illes;Hombres;2001;437.340
Total;04 Balears, Illes;Hombres;2000;419.095
Total;04 Balears, Illes;Hombres;1999;406.358
Total;04 Balears, Illes;Hombres;1998;392.835
Total;04 Balears, Illes;Hombres;1997;""
Total;04 Balears, Illes;Hombres;1996;373.891
Total;04 Balears, Illes;Mujeres;2021;588.155
Total;04 Balears, Illes;Mujeres;2020;587.245
Total;04 Balears, Illes;Mujeres;2019;576.703
Total;04 Balears, Illes;Mujeres;2018;567.105
Total;04 Balears, Illes;Mujeres;2017;561.074
Total;04 Balears, Illes;Mujeres;2016;556.538
Total;04 Balears, Illes;Mujeres;2015;554.801
Total;04 Balears, Illes;Mujeres;2014;553.641
Total;04 Balears, Illes;Mujeres;2013;557.071
Total;04 Balears, Illes;Mujeres;2012;559.348
Total;04 Balears, Illes;Mujeres;2011;555.537
Total;04 Balears, Illes;Mujeres;2010;550.845
Total;04 Balears, Illes;Mujeres;2009;544.347
Total;04 Balears, Illes;Mujeres;2008;532.449
Total;04 Balears, Illes;Mujeres;2007;513.057
Total;04 Balears, Illes;Mujeres;2006;499.163
Total;04 Balears, Illes;Mujeres;2005;490.489
Total;04 Balears, Illes;Mujeres;2004;476.999
Total;04 Balears, Illes;Mujeres;2003;473.113
Total;04 Balears, Illes;Mujeres;2002;458.619
Total;04 Balears, Illes;Mujeres;2001;441.287
Total;04 Balears, Illes;Mujeres;2000;426.535
Total;04 Balears, Illes;Mujeres;1999;415.462
Total;04 Balears, Illes;Mujeres;1998;403.648
Total;04 Balears, Illes;Mujeres;1997;""
Total;04 Balears, Illes;Mujeres;1996;386.488
Total;05 Canarias;Total;2021;2.172.944
Total;05 Canarias;Total;2020;2.175.952
Total;05 Canarias;Total;2019;2.153.389
Total;05 Canarias;Total;2018;2.127.685
Total;05 Canarias;Total;2017;2.108.121
Total;05 Canarias;Total;2016;2.101.924
Total;05 Canarias;Total;2015;2.100.306
Total;05 Canarias;Total;2014;2.104.815
Total;05 Canarias;Total;2013;2.118.679
Total;05 Canarias;Total;2012;2.118.344
Total;05 Canarias;Total;2011;2.126.769
Total;05 Canarias;Total;2010;2.118.519
Total;05 Canarias;Total;2009;2.103.992
Total;05 Canarias;Total;2008;2.075.968
Total;05 Canarias;Total;2007;2.025.951
Total;05 Canarias;Total;2006;1.995.833
Total;05 Canarias;Total;2005;1.968.280
Total;05 Canarias;Total;2004;1.915.540
Total;05 Canarias;Total;2003;1.894.868
Total;05 Canarias;Total;2002;1.843.755
Total;05 Canarias;Total;2001;1.781.366
Total;05 Canarias;Total;2000;1.716.276
Total;05 Canarias;Total;1999;1.672.689
Total;05 Canarias;Total;1998;1.630.015
Total;05 Canarias;Total;1997;""
Total;05 Canarias;Total;1996;1.606.534
Total;05 Canarias;Hombres;2021;1.074.180
Total;05 Canarias;Hombres;2020;1.076.185
Total;05 Canarias;Hombres;2019;1.065.971
Total;05 Canarias;Hombres;2018;1.054.032
Total;05 Canarias;Hombres;2017;1.045.113
Total;05 Canarias;Hombres;2016;1.042.838
Total;05 Canarias;Hombres;2015;1.043.203
Total;05 Canarias;Hombres;2014;1.046.373
Total;05 Canarias;Hombres;2013;1.055.302
Total;05 Canarias;Hombres;2012;1.056.240
Total;05 Canarias;Hombres;2011;1.061.591
Total;05 Canarias;Hombres;2010;1.058.706
Total;05 Canarias;Hombres;2009;1.052.636
Total;05 Canarias;Hombres;2008;1.040.137
Total;05 Canarias;Hombres;2007;1.015.493
Total;05 Canarias;Hombres;2006;1.001.394
Total;05 Canarias;Hombres;2005;988.230
Total;05 Canarias;Hombres;2004;960.658
Total;05 Canarias;Hombres;2003;950.159
Total;05 Canarias;Hombres;2002;923.353
Total;05 Canarias;Hombres;2001;890.549
Total;05 Canarias;Hombres;2000;854.899
Total;05 Canarias;Hombres;1999;831.707
Total;05 Canarias;Hombres;1998;808.092
Total;05 Canarias;Hombres;1997;""
Total;05 Canarias;Hombres;1996;797.230
Total;05 Canarias;Mujeres;2021;1.098.764
Total;05 Canarias;Mujeres;2020;1.099.767
Total;05 Canarias;Mujeres;2019;1.087.418
Total;05 Canarias;Mujeres;2018;1.073.653
Total;05 Canarias;Mujeres;2017;1.063.008
Total;05 Canarias;Mujeres;2016;1.059.086
Total;05 Canarias;Mujeres;2015;1.057.103
Total;05 Canarias;Mujeres;2014;1.058.442
Total;05 Canarias;Mujeres;2013;1.063.377
Total;05 Canarias;Mujeres;2012;1.062.104
Total;05 Canarias;Mujeres;2011;1.065.178
Total;05 Canarias;Mujeres;2010;1.059.813
Total;05 Canarias;Mujeres;2009;1.051.356
Total;05 Canarias;Mujeres;2008;1.035.831
Total;05 Canarias;Mujeres;2007;1.010.458
Total;05 Canarias;Mujeres;2006;994.439
Total;05 Canarias;Mujeres;2005;980.050
Total;05 Canarias;Mujeres;2004;954.882
Total;05 Canarias;Mujeres;2003;944.709
Total;05 Canarias;Mujeres;2002;920.402
Total;05 Canarias;Mujeres;2001;890.817
Total;05 Canarias;Mujeres;2000;861.377
Total;05 Canarias;Mujeres;1999;840.982
Total;05 Canarias;Mujeres;1998;821.923
Total;05 Canarias;Mujeres;1997;""
Total;05 Canarias;Mujeres;1996;809.304
Total;06 Cantabria;Total;2021;584.507
Total;06 Cantabria;Total;2020;582.905
Total;06 Cantabria;Total;2019;581.078
Total;06 Cantabria;Total;2018;580.229
Total;06 Cantabria;Total;2017;580.295
Total;06 Cantabria;Total;2016;582.206
Total;06 Cantabria;Total;2015;585.179
Total;06 Cantabria;Total;2014;588.656
Total;06 Cantabria;Total;2013;591.888
Total;06 Cantabria;Total;2012;593.861
Total;06 Cantabria;Total;2011;593.121
Total;06 Cantabria;Total;2010;592.250
Total;06 Cantabria;Total;2009;589.235
Total;06 Cantabria;Total;2008;582.138
Total;06 Cantabria;Total;2007;572.824
Total;06 Cantabria;Total;2006;568.091
Total;06 Cantabria;Total;2005;562.309
Total;06 Cantabria;Total;2004;554.784
Total;06 Cantabria;Total;2003;549.690
Total;06 Cantabria;Total;2002;542.275
Total;06 Cantabria;Total;2001;537.606
Total;06 Cantabria;Total;2000;531.159
Total;06 Cantabria;Total;1999;528.478
Total;06 Cantabria;Total;1998;527.137
Total;06 Cantabria;Total;1997;""
Total;06 Cantabria;Total;1996;527.437
Total;06 Cantabria;Hombres;2021;283.378
Total;06 Cantabria;Hombres;2020;282.559
Total;06 Cantabria;Hombres;2019;281.801
Total;06 Cantabria;Hombres;2018;281.564
Total;06 Cantabria;Hombres;2017;281.808
Total;06 Cantabria;Hombres;2016;282.988
Total;06 Cantabria;Hombres;2015;284.788
Total;06 Cantabria;Hombres;2014;286.782
Total;06 Cantabria;Hombres;2013;288.643
Total;06 Cantabria;Hombres;2012;289.999
Total;06 Cantabria;Hombres;2011;289.872
Total;06 Cantabria;Hombres;2010;289.931
Total;06 Cantabria;Hombres;2009;288.735
Total;06 Cantabria;Hombres;2008;285.469
Total;06 Cantabria;Hombres;2007;280.283
Total;06 Cantabria;Hombres;2006;277.869
Total;06 Cantabria;Hombres;2005;274.797
Total;06 Cantabria;Hombres;2004;270.907
Total;06 Cantabria;Hombres;2003;268.309
Total;06 Cantabria;Hombres;2002;264.492
Total;06 Cantabria;Hombres;2001;261.967
Total;06 Cantabria;Hombres;2000;258.682
Total;06 Cantabria;Hombres;1999;257.495
Total;06 Cantabria;Hombres;1998;256.766
Total;06 Cantabria;Hombres;1997;""
Total;06 Cantabria;Hombres;1996;256.946
Total;06 Cantabria;Mujeres;2021;301.129
Total;06 Cantabria;Mujeres;2020;300.346
Total;06 Cantabria;Mujeres;2019;299.277
Total;06 Cantabria;Mujeres;2018;298.665
Total;06 Cantabria;Mujeres;2017;298.487
Total;06 Cantabria;Mujeres;2016;299.218
Total;06 Cantabria;Mujeres;2015;300.391
Total;06 Cantabria;Mujeres;2014;301.874
Total;06 Cantabria;Mujeres;2013;303.245
Total;06 Cantabria;Mujeres;2012;303.862
Total;06 Cantabria;Mujeres;2011;303.249
Total;06 Cantabria;Mujeres;2010;302.319
Total;06 Cantabria;Mujeres;2009;300.500
Total;06 Cantabria;Mujeres;2008;296.669
Total;06 Cantabria;Mujeres;2007;292.541
Total;06 Cantabria;Mujeres;2006;290.222
Total;06 Cantabria;Mujeres;2005;287.512
Total;06 Cantabria;Mujeres;2004;283.877
Total;06 Cantabria;Mujeres;2003;281.381
Total;06 Cantabria;Mujeres;2002;277.783
Total;06 Cantabria;Mujeres;2001;275.639
Total;06 Cantabria;Mujeres;2000;272.477
Total;06 Cantabria;Mujeres;1999;270.983
Total;06 Cantabria;Mujeres;1998;270.371
Total;06 Cantabria;Mujeres;1997;""
Total;06 Cantabria;Mujeres;1996;270.491
Total;07 Castilla y León;Total;2021;2.383.139
Total;07 Castilla y León;Total;2020;2.394.918
Total;07 Castilla y León;Total;2019;2.399.548
Total;07 Castilla y León;Total;2018;2.409.164
Total;07 Castilla y León;Total;2017;2.425.801
Total;07 Castilla y León;Total;2016;2.447.519
Total;07 Castilla y León;Total;2015;2.472.052
Total;07 Castilla y León;Total;2014;2.494.790
Total;07 Castilla y León;Total;2013;2.519.875
Total;07 Castilla y León;Total;2012;2.546.078
Total;07 Castilla y León;Total;2011;2.558.463
Total;07 Castilla y León;Total;2010;2.559.515
Total;07 Castilla y León;Total;2009;2.563.521
Total;07 Castilla y León;Total;2008;2.557.330
Total;07 Castilla y León;Total;2007;2.528.417
Total;07 Castilla y León;Total;2006;2.523.020
Total;07 Castilla y León;Total;2005;2.510.849
Total;07 Castilla y León;Total;2004;2.493.918
Total;07 Castilla y León;Total;2003;2.487.646
Total;07 Castilla y León;Total;2002;2.480.369
Total;07 Castilla y León;Total;2001;2.479.425
Total;07 Castilla y León;Total;2000;2.479.118
Total;07 Castilla y León;Total;1999;2.488.062
Total;07 Castilla y León;Total;1998;2.484.603
Total;07 Castilla y León;Total;1997;""
Total;07 Castilla y León;Total;1996;2.508.496
Total;07 Castilla y León;Hombres;2021;1.173.114
Total;07 Castilla y León;Hombres;2020;1.178.846
Total;07 Castilla y León;Hombres;2019;1.181.401
Total;07 Castilla y León;Hombres;2018;1.186.363
Total;07 Castilla y León;Hombres;2017;1.195.251
Total;07 Castilla y León;Hombres;2016;1.206.775
Total;07 Castilla y León;Hombres;2015;1.219.616
Total;07 Castilla y León;Hombres;2014;1.232.250
Total;07 Castilla y León;Hombres;2013;1.246.377
Total;07 Castilla y León;Hombres;2012;1.261.141
Total;07 Castilla y León;Hombres;2011;1.267.671
Total;07 Castilla y León;Hombres;2010;1.268.860
Total;07 Castilla y León;Hombres;2009;1.272.020
Total;07 Castilla y León;Hombres;2008;1.269.338
Total;07 Castilla y León;Hombres;2007;1.251.082
Total;07 Castilla y León;Hombres;2006;1.247.158
Total;07 Castilla y León;Hombres;2005;1.240.450
Total;07 Castilla y León;Hombres;2004;1.231.258
Total;07 Castilla y León;Hombres;2003;1.228.177
Total;07 Castilla y León;Hombres;2002;1.223.935
Total;07 Castilla y León;Hombres;2001;1.222.612
Total;07 Castilla y León;Hombres;2000;1.221.973
Total;07 Castilla y León;Hombres;1999;1.227.156
Total;07 Castilla y León;Hombres;1998;1.225.516
Total;07 Castilla y León;Hombres;1997;""
Total;07 Castilla y León;Hombres;1996;1.238.129
Total;07 Castilla y León;Mujeres;2021;1.210.025
Total;07 Castilla y León;Mujeres;2020;1.216.072
Total;07 Castilla y León;Mujeres;2019;1.218.147
Total;07 Castilla y León;Mujeres;2018;1.222.801
Total;07 Castilla y León;Mujeres;2017;1.230.550
Total;07 Castilla y León;Mujeres;2016;1.240.744
Total;07 Castilla y León;Mujeres;2015;1.252.436
Total;07 Castilla y León;Mujeres;2014;1.262.540
Total;07 Castilla y León;Mujeres;2013;1.273.498
Total;07 Castilla y León;Mujeres;2012;1.284.937
Total;07 Castilla y León;Mujeres;2011;1.290.792
Total;07 Castilla y León;Mujeres;2010;1.290.655
Total;07 Castilla y León;Mujeres;2009;1.291.501
Total;07 Castilla y León;Mujeres;2008;1.287.992
Total;07 Castilla y León;Mujeres;2007;1.277.335
Total;07 Castilla y León;Mujeres;2006;1.275.862
Total;07 Castilla y León;Mujeres;2005;1.270.399
Total;07 Castilla y León;Mujeres;2004;1.262.660
Total;07 Castilla y León;Mujeres;2003;1.259.469
Total;07 Castilla y León;Mujeres;2002;1.256.434
Total;07 Castilla y León;Mujeres;2001;1.256.813
Total;07 Castilla y León;Mujeres;2000;1.257.145
Total;07 Castilla y León;Mujeres;1999;1.260.906
Total;07 Castilla y León;Mujeres;1998;1.259.087
Total;07 Castilla y León;Mujeres;1997;""
Total;07 Castilla y León;Mujeres;1996;1.270.367
Total;08 Castilla - La Mancha;Total;2021;2.049.562
Total;08 Castilla - La Mancha;Total;2020;2.045.221
Total;08 Castilla - La Mancha;Total;2019;2.032.863
Total;08 Castilla - La Mancha;Total;2018;2.026.807
Total;08 Castilla - La Mancha;Total;2017;2.031.479
Total;08 Castilla - La Mancha;Total;2016;2.041.631
Total;08 Castilla - La Mancha;Total;2015;2.059.191
Total;08 Castilla - La Mancha;Total;2014;2.078.611
Total;08 Castilla - La Mancha;Total;2013;2.100.998
Total;08 Castilla - La Mancha;Total;2012;2.121.888
Total;08 Castilla - La Mancha;Total;2011;2.115.334
Total;08 Castilla - La Mancha;Total;2010;2.098.373
Total;08 Castilla - La Mancha;Total;2009;2.081.313
Total;08 Castilla - La Mancha;Total;2008;2.043.100
Total;08 Castilla - La Mancha;Total;2007;1.977.304
Total;08 Castilla - La Mancha;Total;2006;1.932.261
Total;08 Castilla - La Mancha;Total;2005;1.894.667
Total;08 Castilla - La Mancha;Total;2004;1.848.881
Total;08 Castilla - La Mancha;Total;2003;1.815.781
Total;08 Castilla - La Mancha;Total;2002;1.782.038
Total;08 Castilla - La Mancha;Total;2001;1.755.053
Total;08 Castilla - La Mancha;Total;2000;1.734.261
Total;08 Castilla - La Mancha;Total;1999;1.726.199
Total;08 Castilla - La Mancha;Total;1998;1.716.152
Total;08 Castilla - La Mancha;Total;1997;""
Total;08 Castilla - La Mancha;Total;1996;1.712.529
Total;08 Castilla - La Mancha;Hombres;2021;1.026.128
Total;08 Castilla - La Mancha;Hombres;2020;1.023.740
Total;08 Castilla - La Mancha;Hombres;2019;1.016.954
Total;08 Castilla - La Mancha;Hombres;2018;1.014.199
Total;08 Castilla - La Mancha;Hombres;2017;1.016.761
Total;08 Castilla - La Mancha;Hombres;2016;1.022.722
Total;08 Castilla - La Mancha;Hombres;2015;1.032.673
Total;08 Castilla - La Mancha;Hombres;2014;1.043.880
Total;08 Castilla - La Mancha;Hombres;2013;1.056.960
Total;08 Castilla - La Mancha;Hombres;2012;1.069.648
Total;08 Castilla - La Mancha;Hombres;2011;1.066.598
Total;08 Castilla - La Mancha;Hombres;2010;1.059.149
Total;08 Castilla - La Mancha;Hombres;2009;1.051.668
Total;08 Castilla - La Mancha;Hombres;2008;1.033.131
Total;08 Castilla - La Mancha;Hombres;2007;995.668
Total;08 Castilla - La Mancha;Hombres;2006;970.867
Total;08 Castilla - La Mancha;Hombres;2005;950.976
Total;08 Castilla - La Mancha;Hombres;2004;925.694
Total;08 Castilla - La Mancha;Hombres;2003;907.656
Total;08 Castilla - La Mancha;Hombres;2002;888.987
Total;08 Castilla - La Mancha;Hombres;2001;873.287
Total;08 Castilla - La Mancha;Hombres;2000;860.657
Total;08 Castilla - La Mancha;Hombres;1999;856.604
Total;08 Castilla - La Mancha;Hombres;1998;851.354
Total;08 Castilla - La Mancha;Hombres;1997;""
Total;08 Castilla - La Mancha;Hombres;1996;849.076
Total;08 Castilla - La Mancha;Mujeres;2021;1.023.434
Total;08 Castilla - La Mancha;Mujeres;2020;1.021.481
Total;08 Castilla - La Mancha;Mujeres;2019;1.015.909
Total;08 Castilla - La Mancha;Mujeres;2018;1.012.608
Total;08 Castilla - La Mancha;Mujeres;2017;1.014.718
Total;08 Castilla - La Mancha;Mujeres;2016;1.018.909
Total;08 Castilla - La Mancha;Mujeres;2015;1.026.518
Total;08 Castilla - La Mancha;Mujeres;2014;1.034.731
Total;08 Castilla - La Mancha;Mujeres;2013;1.044.038
Total;08 Castilla - La Mancha;Mujeres;2012;1.052.240
Total;08 Castilla - La Mancha;Mujeres;2011;1.048.736
Total;08 Castilla - La Mancha;Mujeres;2010;1.039.224
Total;08 Castilla - La Mancha;Mujeres;2009;1.029.645
Total;08 Castilla - La Mancha;Mujeres;2008;1.009.969
Total;08 Castilla - La Mancha;Mujeres;2007;981.636
Total;08 Castilla - La Mancha;Mujeres;2006;961.394
Total;08 Castilla - La Mancha;Mujeres;2005;943.691
Total;08 Castilla - La Mancha;Mujeres;2004;923.187
Total;08 Castilla - La Mancha;Mujeres;2003;908.125
Total;08 Castilla - La Mancha;Mujeres;2002;893.051
Total;08 Castilla - La Mancha;Mujeres;2001;881.766
Total;08 Castilla - La Mancha;Mujeres;2000;873.604
Total;08 Castilla - La Mancha;Mujeres;1999;869.595
Total;08 Castilla - La Mancha;Mujeres;1998;864.798
Total;08 Castilla - La Mancha;Mujeres;1997;""
Total;08 Castilla - La Mancha;Mujeres;1996;863.453
Total;09 Cataluña;Total;2021;7.763.362
Total;09 Cataluña;Total;2020;7.780.479
Total;09 Cataluña;Total;2019;7.675.217
Total;09 Cataluña;Total;2018;7.600.065
Total;09 Cataluña;Total;2017;7.555.830
Total;09 Cataluña;Total;2016;7.522.596
Total;09 Cataluña;Total;2015;7.508.106
Total;09 Cataluña;Total;2014;7.518.903
Total;09 Cataluña;Total;2013;7.553.650
Total;09 Cataluña;Total;2012;7.570.908
Total;09 Cataluña;Total;2011;7.539.618
Total;09 Cataluña;Total;2010;7.512.381
Total;09 Cataluña;Total;2009;7.475.420
Total;09 Cataluña;Total;2008;7.364.078
Total;09 Cataluña;Total;2007;7.210.508
Total;09 Cataluña;Total;2006;7.134.697
Total;09 Cataluña;Total;2005;6.995.206
Total;09 Cataluña;Total;2004;6.813.319
Total;09 Cataluña;Total;2003;6.704.146
Total;09 Cataluña;Total;2002;6.506.440
Total;09 Cataluña;Total;2001;6.361.365
Total;09 Cataluña;Total;2000;6.261.999
Total;09 Cataluña;Total;1999;6.207.533
Total;09 Cataluña;Total;1998;6.147.610
Total;09 Cataluña;Total;1997;""
Total;09 Cataluña;Total;1996;6.090.040
Total;09 Cataluña;Hombres;2021;3.819.831
Total;09 Cataluña;Hombres;2020;3.826.964
Total;09 Cataluña;Hombres;2019;3.770.123
Total;09 Cataluña;Hombres;2018;3.730.326
Total;09 Cataluña;Hombres;2017;3.710.200
Total;09 Cataluña;Hombres;2016;3.697.368
Total;09 Cataluña;Hombres;2015;3.691.745
Total;09 Cataluña;Hombres;2014;3.701.740
Total;09 Cataluña;Hombres;2013;3.725.318
Total;09 Cataluña;Hombres;2012;3.741.628
Total;09 Cataluña;Hombres;2011;3.732.196
Total;09 Cataluña;Hombres;2010;3.724.515
Total;09 Cataluña;Hombres;2009;3.713.765
Total;09 Cataluña;Hombres;2008;3.661.028
Total;09 Cataluña;Hombres;2007;3.578.176
Total;09 Cataluña;Hombres;2006;3.543.706
Total;09 Cataluña;Hombres;2005;3.468.235
Total;09 Cataluña;Hombres;2004;3.366.329
Total;09 Cataluña;Hombres;2003;3.309.850
Total;09 Cataluña;Hombres;2002;3.201.029
Total;09 Cataluña;Hombres;2001;3.115.336
Total;09 Cataluña;Hombres;2000;3.058.628
Total;09 Cataluña;Hombres;1999;3.030.196
Total;09 Cataluña;Hombres;1998;2.997.637
Total;09 Cataluña;Hombres;1997;""
Total;09 Cataluña;Hombres;1996;2.971.789
Total;09 Cataluña;Mujeres;2021;3.943.531
Total;09 Cataluña;Mujeres;2020;3.953.515
Total;09 Cataluña;Mujeres;2019;3.905.094
Total;09 Cataluña;Mujeres;2018;3.869.739
Total;09 Cataluña;Mujeres;2017;3.845.630
Total;09 Cataluña;Mujeres;2016;3.825.228
Total;09 Cataluña;Mujeres;2015;3.816.361
Total;09 Cataluña;Mujeres;2014;3.817.163
Total;09 Cataluña;Mujeres;2013;3.828.332
Total;09 Cataluña;Mujeres;2012;3.829.280
Total;09 Cataluña;Mujeres;2011;3.807.422
Total;09 Cataluña;Mujeres;2010;3.787.866
Total;09 Cataluña;Mujeres;2009;3.761.655
Total;09 Cataluña;Mujeres;2008;3.703.050
Total;09 Cataluña;Mujeres;2007;3.632.332
Total;09 Cataluña;Mujeres;2006;3.590.991
Total;09 Cataluña;Mujeres;2005;3.526.971
Total;09 Cataluña;Mujeres;2004;3.446.990
Total;09 Cataluña;Mujeres;2003;3.394.296
Total;09 Cataluña;Mujeres;2002;3.305.411
Total;09 Cataluña;Mujeres;2001;3.246.029
Total;09 Cataluña;Mujeres;2000;3.203.371
Total;09 Cataluña;Mujeres;1999;3.177.337
Total;09 Cataluña;Mujeres;1998;3.149.973
Total;09 Cataluña;Mujeres;1997;""
Total;09 Cataluña;Mujeres;1996;3.118.251
Total;10 Comunitat Valenciana;Total;2021;5.058.138
Total;10 Comunitat Valenciana;Total;2020;5.057.353
Total;10 Comunitat Valenciana;Total;2019;5.003.769
Total;10 Comunitat Valenciana;Total;2018;4.963.703
Total;10 Comunitat Valenciana;Total;2017;4.941.509
Total;10 Comunitat Valenciana;Total;2016;4.959.968
Total;10 Comunitat Valenciana;Total;2015;4.980.689
Total;10 Comunitat Valenciana;Total;2014;5.004.844
Total;10 Comunitat Valenciana;Total;2013;5.113.815
Total;10 Comunitat Valenciana;Total;2012;5.129.266
Total;10 Comunitat Valenciana;Total;2011;5.117.190
Total;10 Comunitat Valenciana;Total;2010;5.111.706
Total;10 Comunitat Valenciana;Total;2009;5.094.675
Total;10 Comunitat Valenciana;Total;2008;5.029.601
Total;10 Comunitat Valenciana;Total;2007;4.885.029
Total;10 Comunitat Valenciana;Total;2006;4.806.908
Total;10 Comunitat Valenciana;Total;2005;4.692.449
Total;10 Comunitat Valenciana;Total;2004;4.543.304
Total;10 Comunitat Valenciana;Total;2003;4.470.885
Total;10 Comunitat Valenciana;Total;2002;4.326.708
Total;10 Comunitat Valenciana;Total;2001;4.202.608
Total;10 Comunitat Valenciana;Total;2000;4.120.729
Total;10 Comunitat Valenciana;Total;1999;4.066.474
Total;10 Comunitat Valenciana;Total;1998;4.023.441
Total;10 Comunitat Valenciana;Total;1997;""
Total;10 Comunitat Valenciana;Total;1996;4.009.329
Total;10 Comunitat Valenciana;Hombres;2021;2.491.394
Total;10 Comunitat Valenciana;Hombres;2020;2.492.121
Total;10 Comunitat Valenciana;Hombres;2019;2.465.342
Total;10 Comunitat Valenciana;Hombres;2018;2.446.383
Total;10 Comunitat Valenciana;Hombres;2017;2.436.203
Total;10 Comunitat Valenciana;Hombres;2016;2.448.748
Total;10 Comunitat Valenciana;Hombres;2015;2.460.805
Total;10 Comunitat Valenciana;Hombres;2014;2.475.081
Total;10 Comunitat Valenciana;Hombres;2013;2.534.539
Total;10 Comunitat Valenciana;Hombres;2012;2.546.404
Total;10 Comunitat Valenciana;Hombres;2011;2.541.780
Total;10 Comunitat Valenciana;Hombres;2010;2.542.949
Total;10 Comunitat Valenciana;Hombres;2009;2.537.898
Total;10 Comunitat Valenciana;Hombres;2008;2.508.433
Total;10 Comunitat Valenciana;Hombres;2007;2.432.162
Total;10 Comunitat Valenciana;Hombres;2006;2.394.307
Total;10 Comunitat Valenciana;Hombres;2005;2.332.283
Total;10 Comunitat Valenciana;Hombres;2004;2.251.812
Total;10 Comunitat Valenciana;Hombres;2003;2.213.010
Total;10 Comunitat Valenciana;Hombres;2002;2.136.323
Total;10 Comunitat Valenciana;Hombres;2001;2.066.487
Total;10 Comunitat Valenciana;Hombres;2000;2.020.667
Total;10 Comunitat Valenciana;Hombres;1999;1.993.258
Total;10 Comunitat Valenciana;Hombres;1998;1.970.767
Total;10 Comunitat Valenciana;Hombres;1997;""
Total;10 Comunitat Valenciana;Hombres;1996;1.962.181
Total;10 Comunitat Valenciana;Mujeres;2021;2.566.744
Total;10 Comunitat Valenciana;Mujeres;2020;2.565.232
Total;10 Comunitat Valenciana;Mujeres;2019;2.538.427
Total;10 Comunitat Valenciana;Mujeres;2018;2.517.320
Total;10 Comunitat Valenciana;Mujeres;2017;2.505.306
Total;10 Comunitat Valenciana;Mujeres;2016;2.511.220
Total;10 Comunitat Valenciana;Mujeres;2015;2.519.884
Total;10 Comunitat Valenciana;Mujeres;2014;2.529.763
Total;10 Comunitat Valenciana;Mujeres;2013;2.579.276
Total;10 Comunitat Valenciana;Mujeres;2012;2.582.862
Total;10 Comunitat Valenciana;Mujeres;2011;2.575.410
Total;10 Comunitat Valenciana;Mujeres;2010;2.568.757
Total;10 Comunitat Valenciana;Mujeres;2009;2.556.777
Total;10 Comunitat Valenciana;Mujeres;2008;2.521.168
Total;10 Comunitat Valenciana;Mujeres;2007;2.452.867
Total;10 Comunitat Valenciana;Mujeres;2006;2.412.601
Total;10 Comunitat Valenciana;Mujeres;2005;2.360.166
Total;10 Comunitat Valenciana;Mujeres;2004;2.291.492
Total;10 Comunitat Valenciana;Mujeres;2003;2.257.875
Total;10 Comunitat Valenciana;Mujeres;2002;2.190.385
Total;10 Comunitat Valenciana;Mujeres;2001;2.136.121
Total;10 Comunitat Valenciana;Mujeres;2000;2.100.062
Total;10 Comunitat Valenciana;Mujeres;1999;2.073.216
Total;10 Comunitat Valenciana;Mujeres;1998;2.052.674
Total;10 Comunitat Valenciana;Mujeres;1997;""
Total;10 Comunitat Valenciana;Mujeres;1996;2.047.148
Total;11 Extremadura;Total;2021;1.059.501
Total;11 Extremadura;Total;2020;1.063.987
Total;11 Extremadura;Total;2019;1.067.710
Total;11 Extremadura;Total;2018;1.072.863
Total;11 Extremadura;Total;2017;1.079.920
Total;11 Extremadura;Total;2016;1.087.778
Total;11 Extremadura;Total;2015;1.092.997
Total;11 Extremadura;Total;2014;1.099.632
Total;11 Extremadura;Total;2013;1.104.004
Total;11 Extremadura;Total;2012;1.108.130
Total;11 Extremadura;Total;2011;1.109.367
Total;11 Extremadura;Total;2010;1.107.220
Total;11 Extremadura;Total;2009;1.102.410
Total;11 Extremadura;Total;2008;1.097.744
Total;11 Extremadura;Total;2007;1.089.990
Total;11 Extremadura;Total;2006;1.086.373
Total;11 Extremadura;Total;2005;1.083.879
Total;11 Extremadura;Total;2004;1.075.286
Total;11 Extremadura;Total;2003;1.073.904
Total;11 Extremadura;Total;2002;1.073.050
Total;11 Extremadura;Total;2001;1.073.381
Total;11 Extremadura;Total;2000;1.069.420
Total;11 Extremadura;Total;1999;1.073.574
Total;11 Extremadura;Total;1998;1.069.419
Total;11 Extremadura;Total;1997;""
Total;11 Extremadura;Total;1996;1.070.244
Total;11 Extremadura;Hombres;2021;523.976
Total;11 Extremadura;Hombres;2020;526.288
Total;11 Extremadura;Hombres;2019;528.500
Total;11 Extremadura;Hombres;2018;531.255
Total;11 Extremadura;Hombres;2017;535.060
Total;11 Extremadura;Hombres;2016;539.239
Total;11 Extremadura;Hombres;2015;542.078
Total;11 Extremadura;Hombres;2014;545.616
Total;11 Extremadura;Hombres;2013;548.054
Total;11 Extremadura;Hombres;2012;550.324
Total;11 Extremadura;Hombres;2011;550.864
Total;11 Extremadura;Hombres;2010;549.721
Total;11 Extremadura;Hombres;2009;547.550
Total;11 Extremadura;Hombres;2008;546.192
Total;11 Extremadura;Hombres;2007;541.692
Total;11 Extremadura;Hombres;2006;540.352
Total;11 Extremadura;Hombres;2005;539.225
Total;11 Extremadura;Hombres;2004;534.704
Total;11 Extremadura;Hombres;2003;533.891
Total;11 Extremadura;Hombres;2002;533.539
Total;11 Extremadura;Hombres;2001;533.622
Total;11 Extremadura;Hombres;2000;531.144
Total;11 Extremadura;Hombres;1999;533.506
Total;11 Extremadura;Hombres;1998;530.994
Total;11 Extremadura;Hombres;1997;""
Total;11 Extremadura;Hombres;1996;530.500
Total;11 Extremadura;Mujeres;2021;535.525
Total;11 Extremadura;Mujeres;2020;537.699
Total;11 Extremadura;Mujeres;2019;539.210
Total;11 Extremadura;Mujeres;2018;541.608
Total;11 Extremadura;Mujeres;2017;544.860
Total;11 Extremadura;Mujeres;2016;548.539
Total;11 Extremadura;Mujeres;2015;550.919
Total;11 Extremadura;Mujeres;2014;554.016
Total;11 Extremadura;Mujeres;2013;555.950
Total;11 Extremadura;Mujeres;2012;557.806
Total;11 Extremadura;Mujeres;2011;558.503
Total;11 Extremadura;Mujeres;2010;557.499
Total;11 Extremadura;Mujeres;2009;554.860
Total;11 Extremadura;Mujeres;2008;551.552
Total;11 Extremadura;Mujeres;2007;548.298
Total;11 Extremadura;Mujeres;2006;546.021
Total;11 Extremadura;Mujeres;2005;544.654
Total;11 Extremadura;Mujeres;2004;540.582
Total;11 Extremadura;Mujeres;2003;540.013
Total;11 Extremadura;Mujeres;2002;539.511
Total;11 Extremadura;Mujeres;2001;539.759
Total;11 Extremadura;Mujeres;2000;538.276
Total;11 Extremadura;Mujeres;1999;540.068
Total;11 Extremadura;Mujeres;1998;538.425
Total;11 Extremadura;Mujeres;1997;""
Total;11 Extremadura;Mujeres;1996;539.744
Total;12 Galicia;Total;2021;2.695.645
Total;12 Galicia;Total;2020;2.701.819
Total;12 Galicia;Total;2019;2.699.499
Total;12 Galicia;Total;2018;2.701.743
Total;12 Galicia;Total;2017;2.708.339
Total;12 Galicia;Total;2016;2.718.525
Total;12 Galicia;Total;2015;2.732.347
Total;12 Galicia;Total;2014;2.748.695
Total;12 Galicia;Total;2013;2.765.940
Total;12 Galicia;Total;2012;2.781.498
Total;12 Galicia;Total;2011;2.795.422
Total;12 Galicia;Total;2010;2.797.653
Total;12 Galicia;Total;2009;2.796.089
Total;12 Galicia;Total;2008;2.784.169
Total;12 Galicia;Total;2007;2.772.533
Total;12 Galicia;Total;2006;2.767.524
Total;12 Galicia;Total;2005;2.762.198
Total;12 Galicia;Total;2004;2.750.985
Total;12 Galicia;Total;2003;2.751.094
Total;12 Galicia;Total;2002;2.737.370
Total;12 Galicia;Total;2001;2.732.926
Total;12 Galicia;Total;2000;2.731.900
Total;12 Galicia;Total;1999;2.730.337
Total;12 Galicia;Total;1998;2.724.544
Total;12 Galicia;Total;1997;""
Total;12 Galicia;Total;1996;2.742.622
Total;12 Galicia;Hombres;2021;1.297.301
Total;12 Galicia;Hombres;2020;1.300.153
Total;12 Galicia;Hombres;2019;1.298.964
Total;12 Galicia;Hombres;2018;1.300.609
Total;12 Galicia;Hombres;2017;1.304.392
Total;12 Galicia;Hombres;2016;1.309.809
Total;12 Galicia;Hombres;2015;1.317.054
Total;12 Galicia;Hombres;2014;1.325.657
Total;12 Galicia;Hombres;2013;1.335.122
Total;12 Galicia;Hombres;2012;1.343.328
Total;12 Galicia;Hombres;2011;1.349.591
Total;12 Galicia;Hombres;2010;1.350.547
Total;12 Galicia;Hombres;2009;1.349.603
Total;12 Galicia;Hombres;2008;1.344.268
Total;12 Galicia;Hombres;2007;1.337.159
Total;12 Galicia;Hombres;2006;1.333.797
Total;12 Galicia;Hombres;2005;1.330.703
Total;12 Galicia;Hombres;2004;1.324.987
Total;12 Galicia;Hombres;2003;1.324.385
Total;12 Galicia;Hombres;2002;1.316.721
Total;12 Galicia;Hombres;2001;1.314.078
Total;12 Galicia;Hombres;2000;1.312.391
Total;12 Galicia;Hombres;1999;1.312.881
Total;12 Galicia;Hombres;1998;1.310.415
Total;12 Galicia;Hombres;1997;""
Total;12 Galicia;Hombres;1996;1.320.347
Total;12 Galicia;Mujeres;2021;1.398.344
Total;12 Galicia;Mujeres;2020;1.401.666
Total;12 Galicia;Mujeres;2019;1.400.535
Total;12 Galicia;Mujeres;2018;1.401.134
Total;12 Galicia;Mujeres;2017;1.403.947
Total;12 Galicia;Mujeres;2016;1.408.716
Total;12 Galicia;Mujeres;2015;1.415.293
Total;12 Galicia;Mujeres;2014;1.423.038
Total;12 Galicia;Mujeres;2013;1.430.818
Total;12 Galicia;Mujeres;2012;1.438.170
Total;12 Galicia;Mujeres;2011;1.445.831
Total;12 Galicia;Mujeres;2010;1.447.106
Total;12 Galicia;Mujeres;2009;1.446.486
Total;12 Galicia;Mujeres;2008;1.439.901
Total;12 Galicia;Mujeres;2007;1.435.374
Total;12 Galicia;Mujeres;2006;1.433.727
Total;12 Galicia;Mujeres;2005;1.431.495
Total;12 Galicia;Mujeres;2004;1.425.998
Total;12 Galicia;Mujeres;2003;1.426.709
Total;12 Galicia;Mujeres;2002;1.420.649
Total;12 Galicia;Mujeres;2001;1.418.848
Total;12 Galicia;Mujeres;2000;1.419.509
Total;12 Galicia;Mujeres;1999;1.417.456
Total;12 Galicia;Mujeres;1998;1.414.129
Total;12 Galicia;Mujeres;1997;""
Total;12 Galicia;Mujeres;1996;1.422.275
Total;13 Madrid, Comunidad de;Total;2021;6.751.251
Total;13 Madrid, Comunidad de;Total;2020;6.779.888
Total;13 Madrid, Comunidad de;Total;2019;6.663.394
Total;13 Madrid, Comunidad de;Total;2018;6.578.079
Total;13 Madrid, Comunidad de;Total;2017;6.507.184
Total;13 Madrid, Comunidad de;Total;2016;6.466.996
Total;13 Madrid, Comunidad de;Total;2015;6.436.996
Total;13 Madrid, Comunidad de;Total;2014;6.454.440
Total;13 Madrid, Comunidad de;Total;2013;6.495.551
Total;13 Madrid, Comunidad de;Total;2012;6.498.560
Total;13 Madrid, Comunidad de;Total;2011;6.489.680
Total;13 Madrid, Comunidad de;Total;2010;6.458.684
Total;13 Madrid, Comunidad de;Total;2009;6.386.932
Total;13 Madrid, Comunidad de;Total;2008;6.271.638
Total;13 Madrid, Comunidad de;Total;2007;6.081.689
Total;13 Madrid, Comunidad de;Total;2006;6.008.183
Total;13 Madrid, Comunidad de;Total;2005;5.964.143
Total;13 Madrid, Comunidad de;Total;2004;5.804.829
Total;13 Madrid, Comunidad de;Total;2003;5.718.942
Total;13 Madrid, Comunidad de;Total;2002;5.527.152
Total;13 Madrid, Comunidad de;Total;2001;5.372.433
Total;13 Madrid, Comunidad de;Total;2000;5.205.408
Total;13 Madrid, Comunidad de;Total;1999;5.145.325
Total;13 Madrid, Comunidad de;Total;1998;5.091.336
Total;13 Madrid, Comunidad de;Total;1997;""
Total;13 Madrid, Comunidad de;Total;1996;5.022.289
Total;13 Madrid, Comunidad de;Hombres;2021;3.229.700
Total;13 Madrid, Comunidad de;Hombres;2020;3.243.793
Total;13 Madrid, Comunidad de;Hombres;2019;3.187.312
Total;13 Madrid, Comunidad de;Hombres;2018;3.147.872
Total;13 Madrid, Comunidad de;Hombres;2017;3.115.522
Total;13 Madrid, Comunidad de;Hombres;2016;3.098.631
Total;13 Madrid, Comunidad de;Hombres;2015;3.087.022
Total;13 Madrid, Comunidad de;Hombres;2014;3.099.641
Total;13 Madrid, Comunidad de;Hombres;2013;3.123.724
Total;13 Madrid, Comunidad de;Hombres;2012;3.130.241
Total;13 Madrid, Comunidad de;Hombres;2011;3.132.844
Total;13 Madrid, Comunidad de;Hombres;2010;3.124.438
Total;13 Madrid, Comunidad de;Hombres;2009;3.094.874
Total;13 Madrid, Comunidad de;Hombres;2008;3.040.658
Total;13 Madrid, Comunidad de;Hombres;2007;2.943.778
Total;13 Madrid, Comunidad de;Hombres;2006;2.908.654
Total;13 Madrid, Comunidad de;Hombres;2005;2.887.718
Total;13 Madrid, Comunidad de;Hombres;2004;2.804.962
Total;13 Madrid, Comunidad de;Hombres;2003;2.760.877
Total;13 Madrid, Comunidad de;Hombres;2002;2.663.407
Total;13 Madrid, Comunidad de;Hombres;2001;2.584.779
Total;13 Madrid, Comunidad de;Hombres;2000;2.501.285
Total;13 Madrid, Comunidad de;Hombres;1999;2.472.098
Total;13 Madrid, Comunidad de;Hombres;1998;2.444.919
Total;13 Madrid, Comunidad de;Hombres;1997;""
Total;13 Madrid, Comunidad de;Hombres;1996;2.411.548
Total;13 Madrid, Comunidad de;Mujeres;2021;3.521.551
Total;13 Madrid, Comunidad de;Mujeres;2020;3.536.095
Total;13 Madrid, Comunidad de;Mujeres;2019;3.476.082
Total;13 Madrid, Comunidad de;Mujeres;2018;3.430.207
Total;13 Madrid, Comunidad de;Mujeres;2017;3.391.662
Total;13 Madrid, Comunidad de;Mujeres;2016;3.368.365
Total;13 Madrid, Comunidad de;Mujeres;2015;3.349.974
Total;13 Madrid, Comunidad de;Mujeres;2014;3.354.799
Total;13 Madrid, Comunidad de;Mujeres;2013;3.371.827
Total;13 Madrid, Comunidad de;Mujeres;2012;3.368.319
Total;13 Madrid, Comunidad de;Mujeres;2011;3.356.836
Total;13 Madrid, Comunidad de;Mujeres;2010;3.334.246
Total;13 Madrid, Comunidad de;Mujeres;2009;3.292.058
Total;13 Madrid, Comunidad de;Mujeres;2008;3.230.980
Total;13 Madrid, Comunidad de;Mujeres;2007;3.137.911
Total;13 Madrid, Comunidad de;Mujeres;2006;3.099.529
Total;13 Madrid, Comunidad de;Mujeres;2005;3.076.425
Total;13 Madrid, Comunidad de;Mujeres;2004;2.999.867
Total;13 Madrid, Comunidad de;Mujeres;2003;2.958.065
Total;13 Madrid, Comunidad de;Mujeres;2002;2.863.745
Total;13 Madrid, Comunidad de;Mujeres;2001;2.787.654
Total;13 Madrid, Comunidad de;Mujeres;2000;2.704.123
Total;13 Madrid, Comunidad de;Mujeres;1999;2.673.227
Total;13 Madrid, Comunidad de;Mujeres;1998;2.646.417
Total;13 Madrid, Comunidad de;Mujeres;1997;""
Total;13 Madrid, Comunidad de;Mujeres;1996;2.610.741
Total;14 Murcia, Región de;Total;2021;1.518.486
Total;14 Murcia, Región de;Total;2020;1.511.251
Total;14 Murcia, Región de;Total;2019;1.493.898
Total;14 Murcia, Región de;Total;2018;1.478.509
Total;14 Murcia, Región de;Total;2017;1.470.273
Total;14 Murcia, Región de;Total;2016;1.464.847
Total;14 Murcia, Región de;Total;2015;1.467.288
Total;14 Murcia, Región de;Total;2014;1.466.818
Total;14 Murcia, Región de;Total;2013;1.472.049
Total;14 Murcia, Región de;Total;2012;1.474.449
Total;14 Murcia, Región de;Total;2011;1.470.069
Total;14 Murcia, Región de;Total;2010;1.461.979
Total;14 Murcia, Región de;Total;2009;1.446.520
Total;14 Murcia, Región de;Total;2008;1.426.109
Total;14 Murcia, Región de;Total;2007;1.392.117
Total;14 Murcia, Región de;Total;2006;1.370.306
Total;14 Murcia, Región de;Total;2005;1.335.792
Total;14 Murcia, Región de;Total;2004;1.294.694
Total;14 Murcia, Región de;Total;2003;1.269.230
Total;14 Murcia, Región de;Total;2002;1.226.993
Total;14 Murcia, Región de;Total;2001;1.190.378
Total;14 Murcia, Región de;Total;2000;1.149.328
Total;14 Murcia, Región de;Total;1999;1.131.128
Total;14 Murcia, Región de;Total;1998;1.115.068
Total;14 Murcia, Región de;Total;1997;""
Total;14 Murcia, Región de;Total;1996;1.097.249
Total;14 Murcia, Región de;Hombres;2021;760.362
Total;14 Murcia, Región de;Hombres;2020;756.699
Total;14 Murcia, Región de;Hombres;2019;747.615
Total;14 Murcia, Región de;Hombres;2018;740.143
Total;14 Murcia, Región de;Hombres;2017;736.238
Total;14 Murcia, Región de;Hombres;2016;733.555
Total;14 Murcia, Región de;Hombres;2015;735.434
Total;14 Murcia, Región de;Hombres;2014;735.889
Total;14 Murcia, Región de;Hombres;2013;739.842
Total;14 Murcia, Región de;Hombres;2012;742.727
Total;14 Murcia, Región de;Hombres;2011;741.581
Total;14 Murcia, Región de;Hombres;2010;738.627
Total;14 Murcia, Región de;Hombres;2009;731.609
Total;14 Murcia, Región de;Hombres;2008;722.999
Total;14 Murcia, Región de;Hombres;2007;706.326
Total;14 Murcia, Región de;Hombres;2006;697.027
Total;14 Murcia, Región de;Hombres;2005;677.049
Total;14 Murcia, Región de;Hombres;2004;652.057
Total;14 Murcia, Región de;Hombres;2003;639.795
Total;14 Murcia, Región de;Hombres;2002;616.236
Total;14 Murcia, Región de;Hombres;2001;595.757
Total;14 Murcia, Región de;Hombres;2000;570.125
Total;14 Murcia, Región de;Hombres;1999;559.888
Total;14 Murcia, Región de;Hombres;1998;551.343
Total;14 Murcia, Región de;Hombres;1997;""
Total;14 Murcia, Región de;Hombres;1996;541.069
Total;14 Murcia, Región de;Mujeres;2021;758.124
Total;14 Murcia, Región de;Mujeres;2020;754.552
Total;14 Murcia, Región de;Mujeres;2019;746.283
Total;14 Murcia, Región de;Mujeres;2018;738.366
Total;14 Murcia, Región de;Mujeres;2017;734.035
Total;14 Murcia, Región de;Mujeres;2016;731.292
Total;14 Murcia, Región de;Mujeres;2015;731.854
Total;14 Murcia, Región de;Mujeres;2014;730.929
Total;14 Murcia, Región de;Mujeres;2013;732.207
Total;14 Murcia, Región de;Mujeres;2012;731.722
Total;14 Murcia, Región de;Mujeres;2011;728.488
Total;14 Murcia, Región de;Mujeres;2010;723.352
Total;14 Murcia, Región de;Mujeres;2009;714.911
Total;14 Murcia, Región de;Mujeres;2008;703.110
Total;14 Murcia, Región de;Mujeres;2007;685.791
Total;14 Murcia, Región de;Mujeres;2006;673.279
Total;14 Murcia, Región de;Mujeres;2005;658.743
Total;14 Murcia, Región de;Mujeres;2004;642.637
Total;14 Murcia, Región de;Mujeres;2003;629.435
Total;14 Murcia, Región de;Mujeres;2002;610.757
Total;14 Murcia, Región de;Mujeres;2001;594.621
Total;14 Murcia, Región de;Mujeres;2000;579.203
Total;14 Murcia, Región de;Mujeres;1999;571.240
Total;14 Murcia, Región de;Mujeres;1998;563.725
Total;14 Murcia, Región de;Mujeres;1997;""
Total;14 Murcia, Región de;Mujeres;1996;556.180
Total;15 Navarra, Comunidad Foral de;Total;2021;661.537
Total;15 Navarra, Comunidad Foral de;Total;2020;661.197
Total;15 Navarra, Comunidad Foral de;Total;2019;654.214
Total;15 Navarra, Comunidad Foral de;Total;2018;647.554
Total;15 Navarra, Comunidad Foral de;Total;2017;643.234
Total;15 Navarra, Comunidad Foral de;Total;2016;640.647
Total;15 Navarra, Comunidad Foral de;Total;2015;640.476
Total;15 Navarra, Comunidad Foral de;Total;2014;640.790
Total;15 Navarra, Comunidad Foral de;Total;2013;644.477
Total;15 Navarra, Comunidad Foral de;Total;2012;644.566
Total;15 Navarra, Comunidad Foral de;Total;2011;642.051
Total;15 Navarra, Comunidad Foral de;Total;2010;636.924
Total;15 Navarra, Comunidad Foral de;Total;2009;630.578
Total;15 Navarra, Comunidad Foral de;Total;2008;620.377
Total;15 Navarra, Comunidad Foral de;Total;2007;605.876
Total;15 Navarra, Comunidad Foral de;Total;2006;601.874
Total;15 Navarra, Comunidad Foral de;Total;2005;593.472
Total;15 Navarra, Comunidad Foral de;Total;2004;584.734
Total;15 Navarra, Comunidad Foral de;Total;2003;578.210
Total;15 Navarra, Comunidad Foral de;Total;2002;569.628
Total;15 Navarra, Comunidad Foral de;Total;2001;556.263
Total;15 Navarra, Comunidad Foral de;Total;2000;543.757
Total;15 Navarra, Comunidad Foral de;Total;1999;538.009
Total;15 Navarra, Comunidad Foral de;Total;1998;530.819
Total;15 Navarra, Comunidad Foral de;Total;1997;""
Total;15 Navarra, Comunidad Foral de;Total;1996;520.574
Total;15 Navarra, Comunidad Foral de;Hombres;2021;327.465
Total;15 Navarra, Comunidad Foral de;Hombres;2020;327.226
Total;15 Navarra, Comunidad Foral de;Hombres;2019;323.631
Total;15 Navarra, Comunidad Foral de;Hombres;2018;320.469
Total;15 Navarra, Comunidad Foral de;Hombres;2017;318.671
Total;15 Navarra, Comunidad Foral de;Hombres;2016;317.840
Total;15 Navarra, Comunidad Foral de;Hombres;2015;317.885
Total;15 Navarra, Comunidad Foral de;Hombres;2014;318.486
Total;15 Navarra, Comunidad Foral de;Hombres;2013;320.933
Total;15 Navarra, Comunidad Foral de;Hombres;2012;321.453
Total;15 Navarra, Comunidad Foral de;Hombres;2011;320.656
Total;15 Navarra, Comunidad Foral de;Hombres;2010;318.423
Total;15 Navarra, Comunidad Foral de;Hombres;2009;315.486
Total;15 Navarra, Comunidad Foral de;Hombres;2008;310.282
Total;15 Navarra, Comunidad Foral de;Hombres;2007;302.330
Total;15 Navarra, Comunidad Foral de;Hombres;2006;300.917
Total;15 Navarra, Comunidad Foral de;Hombres;2005;296.587
Total;15 Navarra, Comunidad Foral de;Hombres;2004;292.059
Total;15 Navarra, Comunidad Foral de;Hombres;2003;288.991
Total;15 Navarra, Comunidad Foral de;Hombres;2002;284.620
Total;15 Navarra, Comunidad Foral de;Hombres;2001;277.118
Total;15 Navarra, Comunidad Foral de;Hombres;2000;269.826
Total;15 Navarra, Comunidad Foral de;Hombres;1999;266.711
Total;15 Navarra, Comunidad Foral de;Hombres;1998;262.687
Total;15 Navarra, Comunidad Foral de;Hombres;1997;""
Total;15 Navarra, Comunidad Foral de;Hombres;1996;257.718
Total;15 Navarra, Comunidad Foral de;Mujeres;2021;334.072
Total;15 Navarra, Comunidad Foral de;Mujeres;2020;333.971
Total;15 Navarra, Comunidad Foral de;Mujeres;2019;330.583
Total;15 Navarra, Comunidad Foral de;Mujeres;2018;327.085
Total;15 Navarra, Comunidad Foral de;Mujeres;2017;324.563
Total;15 Navarra, Comunidad Foral de;Mujeres;2016;322.807
Total;15 Navarra, Comunidad Foral de;Mujeres;2015;322.591
Total;15 Navarra, Comunidad Foral de;Mujeres;2014;322.304
Total;15 Navarra, Comunidad Foral de;Mujeres;2013;323.544
Total;15 Navarra, Comunidad Foral de;Mujeres;2012;323.113
Total;15 Navarra, Comunidad Foral de;Mujeres;2011;321.395
Total;15 Navarra, Comunidad Foral de;Mujeres;2010;318.501
Total;15 Navarra, Comunidad Foral de;Mujeres;2009;315.092
Total;15 Navarra, Comunidad Foral de;Mujeres;2008;310.095
Total;15 Navarra, Comunidad Foral de;Mujeres;2007;303.546
Total;15 Navarra, Comunidad Foral de;Mujeres;2006;300.957
Total;15 Navarra, Comunidad Foral de;Mujeres;2005;296.885
Total;15 Navarra, Comunidad Foral de;Mujeres;2004;292.675
Total;15 Navarra, Comunidad Foral de;Mujeres;2003;289.219
Total;15 Navarra, Comunidad Foral de;Mujeres;2002;285.008
Total;15 Navarra, Comunidad Foral de;Mujeres;2001;279.145
Total;15 Navarra, Comunidad Foral de;Mujeres;2000;273.931
Total;15 Navarra, Comunidad Foral de;Mujeres;1999;271.298
Total;15 Navarra, Comunidad Foral de;Mujeres;1998;268.132
Total;15 Navarra, Comunidad Foral de;Mujeres;1997;""
Total;15 Navarra, Comunidad Foral de;Mujeres;1996;262.856
Total;16 País Vasco;Total;2021;2.213.993
Total;16 País Vasco;Total;2020;2.220.504
Total;16 País Vasco;Total;2019;2.207.776
Total;16 País Vasco;Total;2018;2.199.088
Total;16 País Vasco;Total;2017;2.194.158
Total;16 País Vasco;Total;2016;2.189.534
Total;16 País Vasco;Total;2015;2.189.257
Total;16 País Vasco;Total;2014;2.188.985
Total;16 País Vasco;Total;2013;2.191.682
Total;16 País Vasco;Total;2012;2.193.093
Total;16 País Vasco;Total;2011;2.184.606
Total;16 País Vasco;Total;2010;2.178.339
Total;16 País Vasco;Total;2009;2.172.175
Total;16 País Vasco;Total;2008;2.157.112
Total;16 País Vasco;Total;2007;2.141.860
Total;16 País Vasco;Total;2006;2.133.684
Total;16 País Vasco;Total;2005;2.124.846
Total;16 País Vasco;Total;2004;2.115.279
Total;16 País Vasco;Total;2003;2.112.204
Total;16 País Vasco;Total;2002;2.108.281
Total;16 País Vasco;Total;2001;2.101.478
Total;16 País Vasco;Total;2000;2.098.596
Total;16 País Vasco;Total;1999;2.100.441
Total;16 País Vasco;Total;1998;2.098.628
Total;16 País Vasco;Total;1997;""
Total;16 País Vasco;Total;1996;2.098.055
Total;16 País Vasco;Hombres;2021;1.076.385
Total;16 País Vasco;Hombres;2020;1.079.452
Total;16 País Vasco;Hombres;2019;1.073.074
Total;16 País Vasco;Hombres;2018;1.068.750
Total;16 País Vasco;Hombres;2017;1.066.905
Total;16 País Vasco;Hombres;2016;1.065.580
Total;16 País Vasco;Hombres;2015;1.065.925
Total;16 País Vasco;Hombres;2014;1.066.369
Total;16 País Vasco;Hombres;2013;1.068.746
Total;16 País Vasco;Hombres;2012;1.070.438
Total;16 País Vasco;Hombres;2011;1.066.872
Total;16 País Vasco;Hombres;2010;1.064.708
Total;16 País Vasco;Hombres;2009;1.062.412
Total;16 País Vasco;Hombres;2008;1.055.150
Total;16 País Vasco;Hombres;2007;1.046.795
Total;16 País Vasco;Hombres;2006;1.043.849
Total;16 País Vasco;Hombres;2005;1.040.525
Total;16 País Vasco;Hombres;2004;1.035.863
Total;16 País Vasco;Hombres;2003;1.034.326
Total;16 País Vasco;Hombres;2002;1.032.209
Total;16 País Vasco;Hombres;2001;1.028.392
Total;16 País Vasco;Hombres;2000;1.026.651
Total;16 País Vasco;Hombres;1999;1.028.146
Total;16 País Vasco;Hombres;1998;1.026.915
Total;16 País Vasco;Hombres;1997;""
Total;16 País Vasco;Hombres;1996;1.027.114
Total;16 País Vasco;Mujeres;2021;1.137.608
Total;16 País Vasco;Mujeres;2020;1.141.052
Total;16 País Vasco;Mujeres;2019;1.134.702
Total;16 País Vasco;Mujeres;2018;1.130.338
Total;16 País Vasco;Mujeres;2017;1.127.253
Total;16 País Vasco;Mujeres;2016;1.123.954
Total;16 País Vasco;Mujeres;2015;1.123.332
Total;16 País Vasco;Mujeres;2014;1.122.616
Total;16 País Vasco;Mujeres;2013;1.122.936
Total;16 País Vasco;Mujeres;2012;1.122.655
Total;16 País Vasco;Mujeres;2011;1.117.734
Total;16 País Vasco;Mujeres;2010;1.113.631
Total;16 País Vasco;Mujeres;2009;1.109.763
Total;16 País Vasco;Mujeres;2008;1.101.962
Total;16 País Vasco;Mujeres;2007;1.095.065
Total;16 País Vasco;Mujeres;2006;1.089.835
Total;16 País Vasco;Mujeres;2005;1.084.321
Total;16 País Vasco;Mujeres;2004;1.079.416
Total;16 País Vasco;Mujeres;2003;1.077.878
Total;16 País Vasco;Mujeres;2002;1.076.072
Total;16 País Vasco;Mujeres;2001;1.073.086
Total;16 País Vasco;Mujeres;2000;1.071.945
Total;16 País Vasco;Mujeres;1999;1.072.295
Total;16 País Vasco;Mujeres;1998;1.071.713
Total;16 País Vasco;Mujeres;1997;""
Total;16 País Vasco;Mujeres;1996;1.070.941
Total;17 Rioja, La;Total;2021;319.796
Total;17 Rioja, La;Total;2020;319.914
Total;17 Rioja, La;Total;2019;316.798
Total;17 Rioja, La;Total;2018;315.675
Total;17 Rioja, La;Total;2017;315.381
Total;17 Rioja, La;Total;2016;315.794
Total;17 Rioja, La;Total;2015;317.053
Total;17 Rioja, La;Total;2014;319.002
Total;17 Rioja, La;Total;2013;322.027
Total;17 Rioja, La;Total;2012;323.609
Total;17 Rioja, La;Total;2011;322.955
Total;17 Rioja, La;Total;2010;322.415
Total;17 Rioja, La;Total;2009;321.702
Total;17 Rioja, La;Total;2008;317.501
Total;17 Rioja, La;Total;2007;308.968
Total;17 Rioja, La;Total;2006;306.377
Total;17 Rioja, La;Total;2005;301.084
Total;17 Rioja, La;Total;2004;293.553
Total;17 Rioja, La;Total;2003;287.390
Total;17 Rioja, La;Total;2002;281.614
Total;17 Rioja, La;Total;2001;270.400
Total;17 Rioja, La;Total;2000;264.178
Total;17 Rioja, La;Total;1999;265.178
Total;17 Rioja, La;Total;1998;263.644
Total;17 Rioja, La;Total;1997;""
Total;17 Rioja, La;Total;1996;264.941
Total;17 Rioja, La;Hombres;2021;157.823
Total;17 Rioja, La;Hombres;2020;157.835
Total;17 Rioja, La;Hombres;2019;156.179
Total;17 Rioja, La;Hombres;2018;155.758
Total;17 Rioja, La;Hombres;2017;155.508
Total;17 Rioja, La;Hombres;2016;155.969
Total;17 Rioja, La;Hombres;2015;156.733
Total;17 Rioja, La;Hombres;2014;158.090
Total;17 Rioja, La;Hombres;2013;160.159
Total;17 Rioja, La;Hombres;2012;161.574
Total;17 Rioja, La;Hombres;2011;161.582
Total;17 Rioja, La;Hombres;2010;161.884
Total;17 Rioja, La;Hombres;2009;162.173
Total;17 Rioja, La;Hombres;2008;160.342
Total;17 Rioja, La;Hombres;2007;155.773
Total;17 Rioja, La;Hombres;2006;154.556
Total;17 Rioja, La;Hombres;2005;151.730
Total;17 Rioja, La;Hombres;2004;147.214
Total;17 Rioja, La;Hombres;2003;143.995
Total;17 Rioja, La;Hombres;2002;140.780
Total;17 Rioja, La;Hombres;2001;134.506
Total;17 Rioja, La;Hombres;2000;130.956
Total;17 Rioja, La;Hombres;1999;131.518
Total;17 Rioja, La;Hombres;1998;130.708
Total;17 Rioja, La;Hombres;1997;""
Total;17 Rioja, La;Hombres;1996;131.183
Total;17 Rioja, La;Mujeres;2021;161.973
Total;17 Rioja, La;Mujeres;2020;162.079
Total;17 Rioja, La;Mujeres;2019;160.619
Total;17 Rioja, La;Mujeres;2018;159.917
Total;17 Rioja, La;Mujeres;2017;159.873
Total;17 Rioja, La;Mujeres;2016;159.825
Total;17 Rioja, La;Mujeres;2015;160.320
Total;17 Rioja, La;Mujeres;2014;160.912
Total;17 Rioja, La;Mujeres;2013;161.868
Total;17 Rioja, La;Mujeres;2012;162.035
Total;17 Rioja, La;Mujeres;2011;161.373
Total;17 Rioja, La;Mujeres;2010;160.531
Total;17 Rioja, La;Mujeres;2009;159.529
Total;17 Rioja, La;Mujeres;2008;157.159
Total;17 Rioja, La;Mujeres;2007;153.195
Total;17 Rioja, La;Mujeres;2006;151.821
Total;17 Rioja, La;Mujeres;2005;149.354
Total;17 Rioja, La;Mujeres;2004;146.339
Total;17 Rioja, La;Mujeres;2003;143.395
Total;17 Rioja, La;Mujeres;2002;140.834
Total;17 Rioja, La;Mujeres;2001;135.894
Total;17 Rioja, La;Mujeres;2000;133.222
Total;17 Rioja, La;Mujeres;1999;133.660
Total;17 Rioja, La;Mujeres;1998;132.936
Total;17 Rioja, La;Mujeres;1997;""
Total;17 Rioja, La;Mujeres;1996;133.758
Total;18 Ceuta;Total;2021;83.517
Total;18 Ceuta;Total;2020;84.202
Total;18 Ceuta;Total;2019;84.777
Total;18 Ceuta;Total;2018;85.144
Total;18 Ceuta;Total;2017;84.959
Total;18 Ceuta;Total;2016;84.519
Total;18 Ceuta;Total;2015;84.263
Total;18 Ceuta;Total;2014;84.963
Total;18 Ceuta;Total;2013;84.180
Total;18 Ceuta;Total;2012;84.018
Total;18 Ceuta;Total;2011;82.376
Total;18 Ceuta;Total;2010;80.579
Total;18 Ceuta;Total;2009;78.674
Total;18 Ceuta;Total;2008;77.389
Total;18 Ceuta;Total;2007;76.603
Total;18 Ceuta;Total;2006;75.861
Total;18 Ceuta;Total;2005;75.276
Total;18 Ceuta;Total;2004;74.654
Total;18 Ceuta;Total;2003;74.931
Total;18 Ceuta;Total;2002;76.152
Total;18 Ceuta;Total;2001;75.694
Total;18 Ceuta;Total;2000;75.241
Total;18 Ceuta;Total;1999;73.704
Total;18 Ceuta;Total;1998;72.117
Total;18 Ceuta;Total;1997;""
Total;18 Ceuta;Total;1996;68.796
Total;18 Ceuta;Hombres;2021;42.208
Total;18 Ceuta;Hombres;2020;42.542
Total;18 Ceuta;Hombres;2019;42.912
Total;18 Ceuta;Hombres;2018;43.177
Total;18 Ceuta;Hombres;2017;43.034
Total;18 Ceuta;Hombres;2016;42.846
Total;18 Ceuta;Hombres;2015;42.757
Total;18 Ceuta;Hombres;2014;43.354
Total;18 Ceuta;Hombres;2013;43.060
Total;18 Ceuta;Hombres;2012;42.948
Total;18 Ceuta;Hombres;2011;42.165
Total;18 Ceuta;Hombres;2010;41.269
Total;18 Ceuta;Hombres;2009;40.118
Total;18 Ceuta;Hombres;2008;39.385
Total;18 Ceuta;Hombres;2007;38.913
Total;18 Ceuta;Hombres;2006;38.581
Total;18 Ceuta;Hombres;2005;38.315
Total;18 Ceuta;Hombres;2004;38.113
Total;18 Ceuta;Hombres;2003;38.395
Total;18 Ceuta;Hombres;2002;39.195
Total;18 Ceuta;Hombres;2001;38.884
Total;18 Ceuta;Hombres;2000;38.497
Total;18 Ceuta;Hombres;1999;37.115
Total;18 Ceuta;Hombres;1998;36.102
Total;18 Ceuta;Hombres;1997;""
Total;18 Ceuta;Hombres;1996;34.229
Total;18 Ceuta;Mujeres;2021;41.309
Total;18 Ceuta;Mujeres;2020;41.660
Total;18 Ceuta;Mujeres;2019;41.865
Total;18 Ceuta;Mujeres;2018;41.967
Total;18 Ceuta;Mujeres;2017;41.925
Total;18 Ceuta;Mujeres;2016;41.673
Total;18 Ceuta;Mujeres;2015;41.506
Total;18 Ceuta;Mujeres;2014;41.609
Total;18 Ceuta;Mujeres;2013;41.120
Total;18 Ceuta;Mujeres;2012;41.070
Total;18 Ceuta;Mujeres;2011;40.211
Total;18 Ceuta;Mujeres;2010;39.310
Total;18 Ceuta;Mujeres;2009;38.556
Total;18 Ceuta;Mujeres;2008;38.004
Total;18 Ceuta;Mujeres;2007;37.690
Total;18 Ceuta;Mujeres;2006;37.280
Total;18 Ceuta;Mujeres;2005;36.961
Total;18 Ceuta;Mujeres;2004;36.541
Total;18 Ceuta;Mujeres;2003;36.536
Total;18 Ceuta;Mujeres;2002;36.957
Total;18 Ceuta;Mujeres;2001;36.810
Total;18 Ceuta;Mujeres;2000;36.744
Total;18 Ceuta;Mujeres;1999;36.589
Total;18 Ceuta;Mujeres;1998;36.015
Total;18 Ceuta;Mujeres;1997;""
Total;18 Ceuta;Mujeres;1996;34.567
Total;19 Melilla;Total;2021;86.261
Total;19 Melilla;Total;2020;87.076
Total;19 Melilla;Total;2019;86.487
Total;19 Melilla;Total;2018;86.384
Total;19 Melilla;Total;2017;86.120
Total;19 Melilla;Total;2016;86.026
Total;19 Melilla;Total;2015;85.584
Total;19 Melilla;Total;2014;84.509
Total;19 Melilla;Total;2013;83.679
Total;19 Melilla;Total;2012;80.802
Total;19 Melilla;Total;2011;78.476
Total;19 Melilla;Total;2010;76.034
Total;19 Melilla;Total;2009;73.460
Total;19 Melilla;Total;2008;71.448
Total;19 Melilla;Total;2007;69.440
Total;19 Melilla;Total;2006;66.871
Total;19 Melilla;Total;2005;65.488
Total;19 Melilla;Total;2004;68.016
Total;19 Melilla;Total;2003;68.463
Total;19 Melilla;Total;2002;69.184
Total;19 Melilla;Total;2001;68.789
Total;19 Melilla;Total;2000;66.263
Total;19 Melilla;Total;1999;56.929
Total;19 Melilla;Total;1998;60.108
Total;19 Melilla;Total;1997;""
Total;19 Melilla;Total;1996;59.576
Total;19 Melilla;Hombres;2021;43.603
Total;19 Melilla;Hombres;2020;44.162
Total;19 Melilla;Hombres;2019;43.894
Total;19 Melilla;Hombres;2018;43.765
Total;19 Melilla;Hombres;2017;43.629
Total;19 Melilla;Hombres;2016;43.768
Total;19 Melilla;Hombres;2015;43.593
Total;19 Melilla;Hombres;2014;43.075
Total;19 Melilla;Hombres;2013;43.017
Total;19 Melilla;Hombres;2012;41.569
Total;19 Melilla;Hombres;2011;40.256
Total;19 Melilla;Hombres;2010;38.819
Total;19 Melilla;Hombres;2009;37.244
Total;19 Melilla;Hombres;2008;36.336
Total;19 Melilla;Hombres;2007;35.208
Total;19 Melilla;Hombres;2006;33.962
Total;19 Melilla;Hombres;2005;33.322
Total;19 Melilla;Hombres;2004;34.455
Total;19 Melilla;Hombres;2003;34.737
Total;19 Melilla;Hombres;2002;35.178
Total;19 Melilla;Hombres;2001;35.027
Total;19 Melilla;Hombres;2000;33.976
Total;19 Melilla;Hombres;1999;28.952
Total;19 Melilla;Hombres;1998;30.569
Total;19 Melilla;Hombres;1997;""
Total;19 Melilla;Hombres;1996;29.647
Total;19 Melilla;Mujeres;2021;42.658
Total;19 Melilla;Mujeres;2020;42.914
Total;19 Melilla;Mujeres;2019;42.593
Total;19 Melilla;Mujeres;2018;42.619
Total;19 Melilla;Mujeres;2017;42.491
Total;19 Melilla;Mujeres;2016;42.258
Total;19 Melilla;Mujeres;2015;41.991
Total;19 Melilla;Mujeres;2014;41.434
Total;19 Melilla;Mujeres;2013;40.662
Total;19 Melilla;Mujeres;2012;39.233
Total;19 Melilla;Mujeres;2011;38.220
Total;19 Melilla;Mujeres;2010;37.215
Total;19 Melilla;Mujeres;2009;36.216
Total;19 Melilla;Mujeres;2008;35.112
Total;19 Melilla;Mujeres;2007;34.232
Total;19 Melilla;Mujeres;2006;32.909
Total;19 Melilla;Mujeres;2005;32.166
Total;19 Melilla;Mujeres;2004;33.561
Total;19 Melilla;Mujeres;2003;33.726
Total;19 Melilla;Mujeres;2002;34.006
Total;19 Melilla;Mujeres;2001;33.762
Total;19 Melilla;Mujeres;2000;32.287
Total;19 Melilla;Mujeres;1999;27.977
Total;19 Melilla;Mujeres;1998;29.539
Total;19 Melilla;Mujeres;1997;""
Total;19 Melilla;Mujeres;1996;29.929
